,company_name,company_number,company_status,company_type,date_of_cessation,date_of_creation,sic_codes,company_subtype,address_line_1,locality,postal_code,address_line_2,region,country,SICCODE_0,SICCODE_1,SICCODE_2,SICCODE_3,Value
2438,WAVEDENT LTD,07826361,active,ltd,,2011-10-27,['86230'],,17 Hawes Street,Ipswich,IP2 8RL,,Suffolk,England,86230,,,,True
2634,SDL REALISATIONS 2020 LIMITED,07827872,liquidation,ltd,,2011-10-28,['86230'],,C/O Teneo Financial Advisory Limited 156 Great Charles Street,Birmingham,B3 3HN,Queensway,West Midlands,,86230,,,,True
4962,BALTIC DENTAL PRACTICE LTD,07855575,dissolved,ltd,2016-01-26,2011-11-21,['86230'],,169 Cross Road,Romford,RM7 8EA,Mawneys,,,86230,,,,True
370,AONA MEDIC CUBE LIMITED,07806738,dissolved,ltd,2015-05-26,2011-10-12,['86210'],,39 Grove Road,Barnet,EN4 9DJ,Cockfosters,,England,86210,,,,True
406,USHODAYA MEDICAL SERVICES LIMITED,07807516,dissolved,ltd,2020-11-17,2011-10-12,['86210'],,19 Stapleton Close,Sutton Coldfield,B76 1XT,Minworth,West Midlands,United Kingdom,86210,,,,True
541,'ETERNITY'S SUNRISE LTD,07807066,dissolved,ltd,2016-01-26,2011-10-12,['86210'],,Wylam Lodge,Knaresborough,HG5 9DE,Lands Lane,,,86210,,,,True
804,KBO CONSULTANCY LIMITED,07809069,dissolved,ltd,2018-03-27,2011-10-13,"['86210', ' 86900']",,118-120 London Road,Mitcham,CR4 3LB,,Surrey,,86210, 86900,,,True
884,LOPEZ MEDICAL SERVICES LIMITED,07810569,dissolved,ltd,2017-10-03,2011-10-14,['86210'],,123 Galingale View,Newcastle Under Lyme,ST5 2GQ,Off Keele Road,North Staffordshire,,86210,,,,True
1325,SWIECH MEDICAL SERVICES LIMITED,07812813,dissolved,ltd,2016-02-16,2011-10-17,['86210'],,3 Carrera House,Aylesbury,HP19 8DP,Merlin Centre Gatehouse Close,Buckinghamshire,,86210,,,,True
1448,BALEPHETRISH LIMITED,07814735,dissolved,ltd,2014-09-30,2011-10-18,['86210'],,Unit 9 Newhaven Enterprise Centre,Newhaven,BN9 9BA,Denton Island,East Sussex,England,86210,,,,True
1525,ASK A GP LIMITED,07814901,dissolved,ltd,2016-02-02,2011-10-19,['86210'],,3 Bilton Hall,Rugby,CV22 7LX,Church Walk Bilton,,,86210,,,,True
1737,PT ANTHONY LTD,07817962,dissolved,ltd,2018-03-27,2011-10-20,['86210'],,Pegasus House 5 Winckley Court,Preston,PR1 8BU,Mount Street,Lancashire,,86210,,,,True
1877,TYMPANOMED LIMITED,07816770,dissolved,ltd,2016-01-12,2011-10-20,['86210'],,6d Ocean House,Barnet,EN5 5FP,Bentley Way New Barnet,Hertfordshire,,86210,,,,True
1905,S P MEHTA LIMITED,07816729,dissolved,ltd,2019-05-28,2011-10-20,['86210'],,56 Redhouse Road,Wolverhampton,WV6 8SP,,,,86210,,,,True
2044,AQUAVILLE LIMITED,07817744,dissolved,ltd,2015-02-17,2011-10-20,['86210'],,Global House,London,E1 7HW,5a Sandys Row,,,86210,,,,True
2316,SAFFAR LOCUM LTD,07825497,dissolved,ltd,2017-01-10,2011-10-27,['86210'],,10 Claypit Road,Chester,CH4 7QX,,,Great Britain,86210,,,,True
2327,KHAN 85 LTD,07824827,dissolved,ltd,2016-02-16,2011-10-26,['86210'],,76 Bolton Road,Harrow,HA1 4SA,,Middlesex,,86210,,,,True
2863,PARK VIEW CENTRE LIMITED,07830630,dissolved,ltd,2016-01-19,2011-11-01,['86210'],,Park View Centre,Nottingham,NG10 3RJ,"Cranfleet Way, Long Eaton",,,86210,,,,True
2943,COX MEDICOLEGAL LTD,07830981,dissolved,ltd,2020-04-07,2011-11-01,['86210'],,21 Gilbert Road,Cambridge,CB4 3NX,,Cambridgeshire,,86210,,,,True
3183,DR SONIA CHESTER LTD,07832541,dissolved,ltd,2016-02-23,2011-11-02,['86210'],,2a Tremadoc Road,London,SW4 7NE,Clapham,,,86210,,,,True
3541,NISHITH KUMAR MEDICAL SERVICES LTD,07839345,dissolved,ltd,2017-03-28,2011-11-08,['86210'],,16 Darwin Avenue,Dartford,DA1 5RR,,,England,86210,,,,True
3628,JAMES CLARKE ASSOCIATES LTD,07841803,dissolved,ltd,2017-06-06,2011-11-10,['86210'],,7 Lindum Terrace,Lincoln,LN2 5RP,,Lincolnshire,,86210,,,,True
4143,HELLAGOOD LTD,07852908,dissolved,ltd,2014-10-14,2011-11-18,['86210'],,573 Chester Road,Sutton Coldfield,B73 5HU,573 Chester Road,West Midlands,,86210,,,,True
4334,D J MURPHY LIMITED,07850443,dissolved,ltd,2021-05-04,2011-11-16,['86210'],,29 Glendarvon Street,London,SW15 1JS,Putney,,,86210,,,,True
4361,FSQ LIMITED,07852809,dissolved,ltd,2017-11-07,2011-11-18,['86210'],,16 Beaumont Road,Leicester,LE5 3HA,,,England,86210,,,,True
3232,THE ORIGINAL TRUFFLES LTD,07833180,dissolved,ltd,2015-06-16,2011-11-03,['46310'],,11 Primary Court,Cambridge,CB4 1NB,,,,46310,,,,True
4492,WATERMELON DISTRIBUTION CENTRE LIMITED,07850830,dissolved,ltd,2017-05-23,2011-11-17,['46310'],,Unit 3 33 Shaftesbury Road,London,N18 1SW,,,,46310,,,,True
63,ASHTON RAINS LTD,07804358,dissolved,ltd,2017-12-05,2011-10-10,['68310'],,372 Palatine Road,Manchester,M22 4FZ,,,England,68310,,,,True
284,D M S CONSULTANTS LTD,07806452,dissolved,ltd,2017-12-05,2011-10-12,['68310'],,83 High Street,Chesham,HP5 1DE,,Buckinghamshire,,68310,,,,True
319,SCOTT & SCOTT INVESTMENT PROPERTIES LIMITED,07804914,dissolved,ltd,2016-11-01,2011-10-11,['68310'],,Flat 3 Warren Road,Crowborough,TN6 1TT,Warren Wood,East Sussex,,68310,,,,True
476,CLARKE RESIDENTIAL LIMITED,07807436,dissolved,ltd,2020-02-04,2011-10-12,['68310'],,"Delamere, Clock House High Road",Stowmarket,IP14 3AP,Great Finborough,Suffolk,United Kingdom,68310,,,,True
536,SPEED PROPERTY SERVICES LTD,07806919,dissolved,ltd,2017-08-29,2011-10-12,['68310'],,15 Miles Close,London,SE28 0NJ,,,,68310,,,,True
669,AKELA REAL ESTATE LTD,07809110,dissolved,ltd,2021-08-17,2011-10-13,['68310'],,12 Bridewell Place,London,EC4V 6AP,Third Floor East,,,68310,,,,True
832,JACKSON ESTATES LIMITED,07810181,dissolved,ltd,2020-11-17,2011-10-14,['68310'],,8 Fountain Court,Winsford,CW7 1AJ,,Cheshire,,68310,,,,True
893,RUSSELL AND DURRANT LIMITED,07811843,dissolved,ltd,2020-10-13,2011-10-17,['68310'],,Riley Accounting Gable End Sparrow Hall Business Park Leighton Road,Dunstable,LU6 2ES,Edlesborough,Bedfordshire,,68310,,,,True
1263,HOUNSLOW WEST LONDON LIMITED,07813463,dissolved,ltd,2020-07-29,2011-10-18,['68310'],,,Eastleigh,SO53 3TZ,Highfield Court Tollgate Chandlers Ford,,,68310,,,,True
1281,REDBOX RESIDENTIAL LTD,07811472,liquidation,ltd,,2011-10-17,['68310'],,Dlp House,Halifax,HX1 2QW,46 Prescott Street,West Yorkshire,,68310,,,,True
1302,PARRY COHEN LIMITED,07813029,active,ltd,,2011-10-17,['68310'],,146 New London Road,Chelmsford,CM2 0AW,,,England,68310,,,,True
1729,MS AND LS PROPERTY SERVICES LIMITED,07817607,dissolved,ltd,2020-11-17,2011-10-20,['68310'],,4b Church Street,Diss,IP22 4DD,,,England,68310,,,,True
1886,ELITE PROPERTY ESTATES LTD,07818967,dissolved,ltd,2015-02-17,2011-10-21,['68310'],,258 St Helens Road,Bolton,BL3 3PZ,,Lancashire,,68310,,,,True
2004,CRE PROPERTY DEVELOPMENT LTD,07818114,dissolved,ltd,2017-03-28,2011-10-20,['68310'],,Suite 38 Thames Innovation Centre,Erith,DA18 4AL,2 Veridion Way,Kent,,68310,,,,True
2138,GEOFFREY RAYNARD LIMITED,07822741,dissolved,ltd,2015-06-02,2011-10-25,['68310'],,187 Angel Place,London,N18 2UD,Fore Street,,United Kingdom,68310,,,,True
2331,ROUNCE & EVANS ESTATE AGENTS LIMITED,07825049,dissolved,ltd,2017-06-06,2011-10-27,['68310'],,3 Jubilee Court,King's Lynn,PE31 6HH,Hunstanton Road Dersingham,Norfolk,,68310,,,,True
2351,RESOURCE REAL ESTATE LIMITED,07825189,dissolved,ltd,2019-12-17,2011-10-27,['68310'],,Flat 2 139 Old Brompton Road,London,SW5 0LF,,,,68310,,,,True
2381,FOX GRANT (SHERBORNE) LIMITED,07824402,dissolved,ltd,2018-10-27,2011-10-26,['68310'],,Robson Scott Associates,Darlington,DL3 7SD,49 Duke Street,,,68310,,,,True
2590,THAMES VIEW HOMES (LONDON) LIMITED,07827790,dissolved,ltd,2018-10-30,2011-10-28,['68310'],,Little Manor,Pewsey,SN9 5PG,Woodborough,Wiltshire,,68310,,,,True
2924,FINEKS LONDON LTD,07828866,dissolved,ltd,2018-02-27,2011-10-31,['68310'],,291 Green Lanes,London,N13 4XS,,,England,68310,,,,True
3449,MY ESTATES (BIRMINGHAM) LTD,07837915,dissolved,ltd,2014-09-30,2011-11-07,['68310'],,361 Birchfield Road,Birmingham,B20 3BJ,Perry Barr,West Midlands,,68310,,,,True
3584,BRECKON & BRECKON (LAND & PLANNING) LIMITED,07840164,dissolved,ltd,2015-04-28,2011-11-09,['68310'],,Jamesons House,Witney,OX28 3AB,Compton Way,Oxfordshire,,68310,,,,True
3603,NEST PROPERTY LONDON LIMITED,07840112,dissolved,ltd,2015-02-24,2011-11-09,['68310'],,Flat 2 No 98 Brixton Hill,London,SW2 1QN,,,,68310,,,,True
3661,PIKE SMITH & KEMP LIMITED,07843369,dissolved,ltd,2016-03-15,2011-11-11,['68310'],,22 Queen Street,Maidenhead,SL6 1HZ,,Berkshire,,68310,,,,True
3740,FINE ESTATE AGENTS LIMITED,07846805,dissolved,ltd,2016-06-14,2011-11-14,['68310'],,Colwyn House,Colchester,CO3 3LD,Sheepen Place,Essex,,68310,,,,True
4176,JBRL LTD,07853179,dissolved,ltd,2020-09-22,2011-11-18,['68310'],,38 King William Walk,London,SE10 9HU,Greenwich,,England,68310,,,,True
4186,NESHEMA LTD,07848968,dissolved,ltd,2016-09-09,2011-11-16,['68310'],,Mountview Court 1148 High Road,London,N20 0RA,Whetstone,,,68310,,,,True
4460,GORDON HAMMOND LIMITED,07851708,dissolved,ltd,2015-12-15,2011-11-17,"['68310', ' 71111', ' 90030']",,10 Hartlepool Court,London,E16 2RL,,,,68310, 71111, 90030,,True
4508,RICHMONDS INVESTMENTS UK LTD,07852024,dissolved,ltd,2016-04-12,2011-11-17,['68310'],,15 Cowgate,Peterborough,PE1 1LZ,,Cambridgeshire,,68310,,,,True
4834,JASON DEAN LTD,07856134,dissolved,ltd,2016-12-20,2011-11-22,['68310'],,3 Box Gardens,Stroud,GL6 9DP,Minchinhampton,Gloucestershire,England,68310,,,,True
4944,FALCON APARTMENTS LIMITED,07855512,dissolved,ltd,2017-10-13,2011-11-21,['68310'],,Hunter House,Woodford Green,IG8 0DY,109 Snakes Lane West,Essex,,68310,,,,True
39,"SPELL, READ, SUCCEED. LTD",07803715,dissolved,ltd,2018-02-06,2011-10-10,['85590'],,7 Cartmel Drive,Liverpool,L37 4HJ,Formby,,England,85590,,,,True
72,SYRIAN SOCIAL CLUB COMMUNITY,07804367,dissolved,private-limited-guarant-nsc-limited-exemption,2014-11-18,2011-10-10,['85590'],,60 Neasden Lane,London,NW10 2UW,,,,85590,,,,True
176,OP4 LIMITED,07804909,dissolved,ltd,2017-10-17,2011-10-11,['85590'],,136 St Margarets Road,Plymouth,PL7 4RF,Plympton,Devon,,85590,,,,True
346,THE MANAGEMENT ORGANISATION LTD,07807174,dissolved,ltd,2015-10-06,2011-10-12,['85590'],,Suite 2 Clarence House,Norwich,NR1 1HH,Clarence Road,,,85590,,,,True
674,BRIGHT LEARNING ACADEMY LIMITED,07809163,dissolved,ltd,2015-12-08,2011-10-13,['85590'],,364 High Street,Smethwick,B66 3PD,,,United Kingdom,85590,,,,True
846,FUTURE TRAINING 4 JOBS LIMITED,07810131,dissolved,ltd,2017-03-07,2011-10-14,['85590'],,39 Gloucester Road,London,E12 5JU,,,England,85590,,,,True
852,S.E.H. CONSULTANCY LIMITED,07810896,dissolved,ltd,2020-03-10,2011-10-14,['85590'],,42 Queens Road,Coventry,CV1 3DX,,,,85590,,,,True
969,WIMBORNE SCHOOLS LTD,07810436,dissolved,ltd,2015-02-17,2011-10-14,['85590'],,150 Old Fort Road,Shoreham-By-Sea,BN43 5HL,,West Sussex,,85590,,,,True
1317,DIRECT MARKETING FOUNDATION,07814243,dissolved,private-limited-guarant-nsc-limited-exemption,2019-11-19,2011-10-18,['85590'],,70 Margaret Street,London,W1W 8SS,,,,85590,,,,True
1510,EXPRESS TRAINING SOLUTIONS LTD,07813839,dissolved,ltd,2015-02-03,2011-10-18,['85590'],,45 Lea Close,Reading,RG30 3NB,,Berkshire,,85590,,,,True
1801,ASPIRE HIGHER ACADEMY LIMITED,07818392,dissolved,private-limited-guarant-nsc,2022-03-22,2011-10-20,['85590'],,Grid Low Moor Business Park,Bradford,BD12 0NB,Common Road Low Moor,West Yorkshire,,85590,,,,True
2031,PROFITABLE INVESTMENT EDUCATION LTD,07820391,dissolved,ltd,2014-10-14,2011-10-24,['85590'],,145-157 St John Street,London,EC1V 4PW,,,,85590,,,,True
2161,ABC OF ME LIMITED,07819549,dissolved,ltd,2019-01-08,2011-10-21,['85590'],,11 Garrick Way,Camberley,GU16 6LY,Frimley Green,Surrey,,85590,,,,True
2283,THE LEARNING HOUSE LTD,07825390,dissolved,ltd,2019-05-14,2011-10-27,['85590'],,19 Doods Park Road,Reigate,RH2 0PZ,,,,85590,,,,True
2554,KPI CONSTRUCTION SKILLS LTD,07827324,dissolved,ltd,2016-11-15,2011-10-28,['85590'],,8 Waterside Park Livingstone Road,Hull,HU13 0EN,Hessle,East Yorkshire,,85590,,,,True
2991,OVERWATCH TRAINING LTD,07829241,dissolved,ltd,2016-05-24,2011-10-31,['85590'],,1 Princes Court,Loughborough,LE11 5XR,Royal Way,Leicestershire,,85590,,,,True
3000,TRAINING DAYS LIMITED,07831100,dissolved,ltd,2016-04-26,2011-11-01,['85590'],,1 - 5 Nelson Street,Southend On Sea,SS1 1EF,,Essex,,85590,,,,True
3022,FUSION CHILDCARE SERVICES,07830535,active,private-limited-guarant-nsc-limited-exemption,,2011-11-01,['85590'],,45 Cranbourne Drive,Harpenden,AL5 1RJ,,Hertfordshire,,85590,,,,True
3084,BROOKS DEVELOPMENT TRUST,07831365,dissolved,private-limited-guarant-nsc-limited-exemption,2021-08-03,2011-11-01,['85590'],,21 Kyrle Road,London,SW11 6BD,,,,85590,,,,True
3157,WINGED SOLUTIONS LTD,07832539,dissolved,ltd,2017-01-17,2011-11-02,['85590'],,121 Latham Road,Bexleyheath,DA6 7NH,,Kent,,85590,,,,True
3196,CHERRY TREE KIDS CLUB LTD,07833193,dissolved,ltd,2019-06-11,2011-11-03,['85590'],,46a Barnes Cray Road,Dartford,DA1 4NR,,,,85590,,,,True
3264,BEACON HILL TRAINING LIMITED,07836258,dissolved,ltd,2021-07-06,2011-11-04,"['85590', ' 88990']",,73 The Willows Marton,Middlesbrough,TS7 8BP,,Cleveland,United Kingdom,85590, 88990,,,True
3277,ACADEMY 4 HOUSING,07837202,dissolved,private-limited-guarant-nsc-limited-exemption,2016-10-04,2011-11-07,['85590'],,Premier House,Twickenham,TW1 3RP,52 London Road,Middlesex,,85590,,,,True
3283,AL BARAKAH EDUCATION LTD,07839599,dissolved,ltd,2022-04-26,2011-11-08,['85590'],,27 Woodhall Avenue,Pinner,HA5 3DY,,,England,85590,,,,True
3310,CST TUTORING LIMITED,07838981,dissolved,ltd,2015-03-17,2011-11-08,['85590'],,Chandler House 7 Ferry Road Office Park,Preston,PR2 2YH,Riversway,Lancashire,,85590,,,,True
3326,GSAJ LIMITED,07839338,dissolved,ltd,2017-02-28,2011-11-08,['85590'],,15 Horse Bank Drive,Huddersfield,HD4 5HN,Lockwood,,,85590,,,,True
3457,HENBURY SCHOOL,07838126,dissolved,private-limited-guarant-nsc-limited-exemption,2020-10-20,2011-11-07,['85590'],,Henbury School Station Road,Bristol,BS10 7QH,Henbury,Avon,,85590,,,,True
3476,WORK AND TRAIN LTD,07838414,dissolved,ltd,2017-05-16,2011-11-08,['85590'],,16 Westmorland Street,Wakefield,WF1 1PJ,,West Yorkshire,,85590,,,,True
3611,M I B TRAINING LIMITED,07841617,dissolved,ltd,2017-08-15,2011-11-10,['85590'],,3 Gorrell Close,Burnley,BB12 9LZ,Newchurch-In-Pendle,,England,85590,,,,True
3939,EDUCATIONAL ENTERPRISES LIMITED,07846946,dissolved,ltd,2020-03-10,2011-11-14,['85590'],,89 Anderton Park Road,Birmingham,B13 9DS,Moseley,,,85590,,,,True
3952,PASSION INC. LIMITED,07847607,dissolved,ltd,2018-08-28,2011-11-15,['85590'],,Flat 7 Crescent House,Margate,CT9 2NP,Nightingale Place,Kent,,85590,,,,True
4091,FIELDCRAFT LTD,07852558,dissolved,ltd,2021-03-16,2011-11-18,['85590'],,106 Minehead Way,Stevenage,SG1 2JH,,,England,85590,,,,True
4153,ACHIEVE CHANGE & ENGAGEMENT ACE,07848785,converted-closed,converted-or-closed,2021-05-12,2011-11-15,['85590'],,18 Sun Street,Lancaster,LA1 1EW,,Lancashire,England,85590,,,,True
4386,VOCATIONAL AND PROFESSIONAL QUALIFICATIONS LIMITED,07850894,dissolved,ltd,2017-01-17,2011-11-17,['85590'],,Office-8 10-Buckhurst Road,Bexhill-On-Sea,TN40 1QF,,East Sussex,,85590,,,,True
4710,P.A.S.S (PERSONAL ACHIEVEMENT SOCIAL SUCCESS) COMMUNITY INTEREST COMPANY,07854796,dissolved,private-limited-guarant-nsc,2020-02-04,2011-11-21,['85590'],community-interest-company,"18, Spencer Avenue",Hayes,UB4 0QX,,Middlesex,,85590,,,,True
4255,ROWE FARM LIMITED,07848616,active,ltd,,2011-11-15,['46330'],,The Rowe Farm,Newcastle Under Lyme,ST5 4EN,Stableford,Staffordshire,,46330,,,,True
131,NATIONWIDE DISPOSABLES LIMITED,07804655,dissolved,ltd,2022-03-15,2011-10-11,['46420'],,1 Upper Aston,Wolverhampton,WV5 7EE,Claverley,,England,46420,,,,True
161,S & A CASUAL LTD,07805762,dissolved,ltd,2018-01-02,2011-10-11,['46420'],,15 Collingham Street,Manchester,M8 8RQ,,,,46420,,,,True
479,COPIA DESIGN UK LTD,07806643,dissolved,ltd,2018-08-28,2011-10-12,['46420'],,105 Whitechapel Road,London,E1 1DT,,,,46420,,,,True
646,CHANGE FASHION LTD,07808426,dissolved,ltd,2021-03-23,2011-10-13,['46420'],,17 Skylines Village Top Tie Trading Uk Ltd,London,E14 9TS,17 Skylines Village,,United Kingdom,46420,,,,True
1272,CHIC UNIQUE LIMITED,07813995,dissolved,ltd,2017-05-23,2011-10-18,['46420'],,113 Bracadale Drive,Stockport,SK3 8RY,,,,46420,,,,True
1285,STEPFOLA INVESTMENT LTD,07812715,dissolved,ltd,2018-03-27,2011-10-17,['46420'],,Eurolink Business Centre Unit 50,London,SW2 1BZ,49 Effra Road,,,46420,,,,True
1802,STANDARD ISSUE LIMITED,07818395,dissolved,ltd,2015-02-17,2011-10-20,['46420'],,1st Floor Northern Assurance Buildings,Manchester,M2 4DN,9 - 21 Princess Street Albert Square,Lancs,,46420,,,,True
1946,MAS BODY DEVELOPMENT LIMITED,07819505,active,ltd,,2011-10-21,['46420'],,"Beaumont Accountancy First Floor, Enterprise House",Middlesbrough,TS1 3QW,202-206 Linthorpe Road,Cleveland,England,46420,,,,True
2612,E-WEAR LTD,07825781,dissolved,ltd,2022-03-15,2011-10-27,"['46420', ' 70229']",,Acre House,London,NW1 3ER,11/15 William Road,,United Kingdom,46420, 70229,,,True
2700,FOAY INVESTMENT LTD,07829270,dissolved,ltd,2017-03-07,2011-10-31,['46420'],,54 Melbourne Court,London,SE20 8AS,Anerley Road,,,46420,,,,True
3032,KIDSORCHID LIMITED,07829579,dissolved,ltd,2017-04-25,2011-10-31,['46420'],,355a Barking Road,London,E6 1LA,East Ham,,,46420,,,,True
4577,TRI T SCRUB LIMITED,07854506,dissolved,ltd,2018-12-04,2011-11-21,['46420'],,Ground Floor 2 Woodberry Grove,London,N12 0DR,North Finchley,,,46420,,,,True
806,CHEETHAM FOODSTORES LIMITED,07810224,dissolved,ltd,2014-09-30,2011-10-14,['47210'],,378 Cheetham Hill Road,Manchester,M8 9LS,,,England,47210,,,,True
2525,GERRARDS GREENGROCERS LIMITED,07825373,dissolved,ltd,2015-01-20,2011-10-27,['47210'],,75-77 Church Street,Wolverhampton,WV14 0BJ,Bilston,West Midlands,England,47210,,,,True
2798,SOUTHEND BANGLA BAZAAR LIMITED,07829430,dissolved,ltd,2016-01-05,2011-10-31,['47210'],,519 London Road,Westcliff-On-Sea,SS0 9LJ,,Essex,,47210,,,,True
4171,COUNTRY FAYRE (YORK) LIMITED,07853014,dissolved,ltd,2016-03-15,2011-11-18,"['47210', ' 47760', ' 62020']",,35 Green Lane,York,YO24 3DA,Acomb,North Yorkshire,,47210, 47760, 62020,,True
4940,SELIN FOOD CENTRE LIMITED,07855507,dissolved,ltd,2019-01-08,2011-11-21,['47210'],,Pixel Building,Waltham Abbey,EN9 1JH,110 Brooker Road,Essex,England,47210,,,,True
3081,IATROTEC PROFESSIONAL LEARNING LTD,07830596,dissolved,ltd,2022-07-05,2011-11-01,"['85421', ' 85422', ' 85590', ' 86900']",,104 Harewood Avenue,Bournemouth,BH7 6NS,,,,85421, 85422, 85590, 86900,True
4226,UWTSD LEARNING CENTRES LTD,07853426,dissolved,ltd,2021-10-12,2011-11-18,"['85421', ' 85422', ' 85590']",,Carmarthen Campus,Carmarthen,SA31 3EP,College Road,Carmarthenshire,,85421, 85422, 85590,,True
